match_id,date,team,opponent,map,site,player,agent_or_champion,role,rounds_played,rounds_won,first_blood
M001,2024-01-15,Team Phoenix,Team Dragon,Ascent,A,Player1,Jett,Duelist,13,8,True
M001,2024-01-15,Team Phoenix,Team Dragon,Ascent,B,Player2,Omen,Controller,13,8,False
M001,2024-01-15,Team Phoenix,Team Dragon,Ascent,A,Player3,Sova,Initiator,13,8,False
M001,2024-01-15,Team Phoenix,Team Dragon,Ascent,B,Player4,Killjoy,Sentinel,13,8,False
M001,2024-01-15,Team Phoenix,Team Dragon,Ascent,A,Player5,Sage,Sentinel,13,8,True
M002,2024-01-18,Team Phoenix,Team Lightning,Haven,C,Player1,Jett,Duelist,11,7,True
M002,2024-01-18,Team Phoenix,Team Lightning,Haven,A,Player2,Omen,Controller,11,7,False
M002,2024-01-18,Team Phoenix,Team Lightning,Haven,B,Player3,Sova,Initiator,11,7,False
M002,2024-01-18,Team Phoenix,Team Lightning,Haven,A,Player4,Cypher,Sentinel,11,7,False
M002,2024-01-18,Team Phoenix,Team Lightning,Haven,C,Player5,Sage,Sentinel,11,7,True
M003,2024-01-22,Team Phoenix,Team Storm,Ascent,B,Player1,Reyna,Duelist,12,6,True
M003,2024-01-22,Team Phoenix,Team Storm,Ascent,B,Player2,Brimstone,Controller,12,6,False
M003,2024-01-22,Team Phoenix,Team Storm,Ascent,A,Player3,Breach,Initiator,12,6,False
M003,2024-01-22,Team Phoenix,Team Storm,Ascent,B,Player4,Killjoy,Sentinel,12,6,True
M003,2024-01-22,Team Phoenix,Team Storm,Ascent,B,Player5,Sage,Sentinel,12,6,False
M004,2024-01-25,Team Phoenix,Team Titan,Bind,A,Player1,Jett,Duelist,13,9,True
M004,2024-01-25,Team Phoenix,Team Titan,Bind,B,Player2,Omen,Controller,13,9,False
M004,2024-01-25,Team Phoenix,Team Titan,Bind,A,Player3,Sova,Initiator,13,9,False
M004,2024-01-25,Team Phoenix,Team Titan,Bind,B,Player4,Cypher,Sentinel,13,9,False
M004,2024-01-25,Team Phoenix,Team Titan,Bind,A,Player5,Sage,Sentinel,13,9,True
M005,2024-01-28,Team Phoenix,Team Viper,Ascent,B,Player1,Jett,Duelist,14,8,True
M005,2024-01-28,Team Phoenix,Team Viper,Ascent,B,Player2,Omen,Controller,14,8,False
M005,2024-01-28,Team Phoenix,Team Viper,Ascent,B,Player3,Sova,Initiator,14,8,True
M005,2024-01-28,Team Phoenix,Team Viper,Ascent,A,Player4,Killjoy,Sentinel,14,8,False
M005,2024-01-28,Team Phoenix,Team Viper,Ascent,B,Player5,Sage,Sentinel,14,8,False
M006,2024-02-01,Team Dragon,Team Phoenix,Haven,A,Dragon1,Raze,Duelist,13,7,False
M006,2024-02-01,Team Dragon,Team Phoenix,Haven,B,Dragon2,Viper,Controller,13,7,True
M006,2024-02-01,Team Dragon,Team Phoenix,Haven,A,Dragon3,Skye,Initiator,13,7,False
M006,2024-02-01,Team Dragon,Team Phoenix,Haven,C,Dragon4,Chamber,Sentinel,13,7,False
M006,2024-02-01,Team Dragon,Team Phoenix,Haven,B,Dragon5,Astra,Controller,13,7,False
M007,2024-02-04,Team Dragon,Team Lightning,Bind,A,Dragon1,Raze,Duelist,11,5,False
M007,2024-02-04,Team Dragon,Team Lightning,Bind,B,Dragon2,Viper,Controller,11,5,False
M007,2024-02-04,Team Dragon,Team Lightning,Bind,A,Dragon3,Skye,Initiator,11,5,True
M007,2024-02-04,Team Dragon,Team Lightning,Bind,B,Dragon4,Chamber,Sentinel,11,5,False
M007,2024-02-04,Team Dragon,Team Lightning,Bind,A,Dragon5,Killjoy,Sentinel,11,5,False
M008,2024-02-07,Team Dragon,Team Storm,Ascent,A,Dragon1,Jett,Duelist,12,8,True
M008,2024-02-07,Team Dragon,Team Storm,Ascent,B,Dragon2,Omen,Controller,12,8,False
M008,2024-02-07,Team Dragon,Team Storm,Ascent,A,Dragon3,Sova,Initiator,12,8,False
M008,2024-02-07,Team Dragon,Team Storm,Ascent,A,Dragon4,Chamber,Sentinel,12,8,True
M008,2024-02-07,Team Dragon,Team Storm,Ascent,B,Dragon5,Sage,Sentinel,12,8,False
M009,2024-02-10,Team Dragon,Team Titan,Haven,B,Dragon1,Raze,Duelist,13,6,False
M009,2024-02-10,Team Dragon,Team Titan,Haven,C,Dragon2,Viper,Controller,13,6,False
M009,2024-02-10,Team Dragon,Team Titan,Haven,B,Dragon3,Fade,Initiator,13,6,True
M009,2024-02-10,Team Dragon,Team Titan,Haven,A,Dragon4,Cypher,Sentinel,13,6,False
M009,2024-02-10,Team Dragon,Team Titan,Haven,B,Dragon5,Killjoy,Sentinel,13,6,False
M010,2024-02-13,Team Dragon,Team Viper,Ascent,A,Dragon1,Jett,Duelist,14,9,True
M010,2024-02-13,Team Dragon,Team Viper,Ascent,B,Dragon2,Omen,Controller,14,9,False
M010,2024-02-13,Team Dragon,Team Viper,Ascent,A,Dragon3,Sova,Initiator,14,9,False
M010,2024-02-13,Team Dragon,Team Viper,Ascent,A,Dragon4,Killjoy,Sentinel,14,9,True
M010,2024-02-13,Team Dragon,Team Viper,Ascent,B,Dragon5,Sage,Sentinel,14,9,False
